date,Adj Close,Close,High,Low,Open,Volume
3/1/2022,178.1036377,182.0099945,182.8800049,177.7100067,177.8300018,104487900
4/1/2022,175.8432617,179.6999969,182.9400024,179.1199951,182.6300049,99310400
5/1/2022,171.1658173,174.9199982,180.1699982,174.6399994,179.6100006,94537600
6/1/2022,168.3084869,172,175.3000031,171.6399994,172.6999969,96904000
7/1/2022,168.4748535,172.1699982,174.1399994,171.0299988,172.8899994,86709100
10/1/2022,168.4944,172.1900024,172.5,168.1699982,169.0800018,106765600
11/1/2022,171.3223877,175.0800018,175.1799927,170.8200073,172.3200073,76138300
12/1/2022,171.7627411,175.5299988,177.1799927,174.8200073,176.1199951,74805200
13/1/2022,168.4944,172.1900024,176.6199951,171.7899933,175.7799988,84505800
14/1/2022,169.355545,173.0700073,173.7799988,171.0899963,171.3399963,80440800
18/1/2022,166.1556854,169.8000031,172.5399933,169.4100037,171.5099945,90956700
19/1/2022,162.6623077,166.2299957,171.0800018,165.9400024,170,94815000
20/1/2022,160.9792786,164.5099945,169.6799927,164.1799927,166.9799957,91420500
21/1/2022,158.9243317,162.4100037,166.3300018,162.3000031,164.4199982,122848900
24/1/2022,158.1512909,161.6199951,162.3000031,154.6999969,160.0200043,162294600
25/1/2022,156.350769,159.7799988,162.7599945,157.0200043,158.9799957,115798400
26/1/2022,156.2627106,159.6900024,164.3899994,157.8200073,163.5,108275300
27/1/2022,155.8027649,159.2200012,163.8399963,158.2799988,162.4499969,121954600
28/1/2022,166.6743469,170.3300018,170.3500061,162.8000031,165.7100067,179935700
31/1/2022,171.0288544,174.7799988,175,169.5099945,170.1600037,115541600
1/2/2022,170.8625031,174.6100006,174.8399963,172.3099976,174.0099945,86213900
2/2/2022,172.0661316,175.8399963,175.8800049,173.3300018,174.75,84914300
3/2/2022,169.189209,172.8999939,176.2400055,172.1199951,174.4799957,89418100
4/2/2022,168.9050446,172.3899994,174.1000061,170.6799927,171.6799927,82465400
7/2/2022,168.1898193,171.6600037,173.9499969,170.9499969,172.8600006,77251200
8/2/2022,171.2957306,174.8300018,175.3500061,171.4299927,171.7299957,74829200
9/2/2022,172.7164001,176.2799988,176.6499939,174.8999939,176.0500031,71285000
10/2/2022,168.6405029,172.1199951,175.4799957,171.5500031,174.1399994,90865900
11/2/2022,165.2308807,168.6399994,173.0800018,168.0399933,172.3300018,98670700
14/2/2022,165.4660187,168.8800049,169.5800018,166.5599976,167.3699951,86185500
15/2/2022,169.2969513,172.7899933,172.9499969,170.25,170.9700012,62527400
16/2/2022,169.0618134,172.5500031,173.3399963,170.0500031,171.8500061,61177400
17/2/2022,165.4660187,168.8800049,171.9100037,168.4700012,171.0299988,69589300
18/2/2022,163.9179535,167.3000031,170.5399933,166.1900024,169.8200073,82772700
22/2/2022,160.9982147,164.3200073,166.6900024,162.1499939,164.9799957,91162800
23/2/2022,156.8341217,160.0700073,166.1499939,159.75,165.5399933,90009200
24/2/2022,159.4501648,162.7400055,162.8500061,152,152.5800018,141147500
25/2/2022,161.5174713,164.8500061,165.1199951,160.8699951,163.8399963,91974200
28/2/2022,161.7820282,165.1199951,165.4199982,162.4299927,163.0599976,95056600
1/3/2022,159.9008026,163.1999969,166.6000061,161.9700012,164.6999969,83474400
2/3/2022,163.1929169,166.5599976,167.3600006,162.9499969,164.3899994,79724800
3/3/2022,162.8695679,166.2299957,168.9100037,165.5500031,168.4700012,76678400
4/3/2022,159.8714294,163.1699982,165.5500031,162.1000061,164.4900055,83737200
7/3/2022,156.0796814,159.3000031,165.0200043,159.0399933,163.3600006,96418800
8/3/2022,154.2572784,157.4400024,162.8800049,155.8000031,158.8200073,131148300
9/3/2022,159.6558838,162.9499969,163.4100037,159.4100037,161.4799957,91454900
10/3/2022,155.3154449,158.5200043,160.3899994,155.9799957,160.1999969,105342000
11/3/2022,151.6020203,154.7299957,159.2799988,154.5,158.9299927,96970100
14/3/2022,147.5751801,150.6199951,154.1199951,150.1000061,151.4499969,108732100
15/3/2022,151.9547882,155.0899963,155.5700073,150.3800049,150.8999939,92964300
16/3/2022,156.3638153,159.5899963,160,154.4600067,157.0500031,102300200
17/3/2022,157.3729858,160.6199951,161,157.6300049,158.6100006,75615400
18/3/2022,160.6650238,163.9799957,164.4799957,159.7599945,160.5099945,123511700
21/3/2022,162.0367889,165.3800049,166.3500061,163.0099945,163.5099945,95811400
22/3/2022,165.4072266,168.8200073,169.4199982,164.9100037,165.5099945,81532000
23/3/2022,166.7691498,170.2100067,172.6399994,167.6499939,167.9900055,98062700
24/3/2022,170.5511017,174.0700073,174.1399994,170.2100067,171.0599976,90131400
25/3/2022,171.187973,174.7200012,175.2799988,172.75,173.8800049,80546200
28/3/2022,172.0501556,175.6000061,175.7299957,172,172.1699982,90371900
29/3/2022,175.3422546,178.9600067,179.0099945,176.3399963,176.6900024,100589400
30/3/2022,174.1762848,177.7700043,179.6100006,176.6999969,178.5500031,92633200
31/3/2022,171.0801849,174.6100006,178.0299988,174.3999939,177.8399963,103049300
1/4/2022,170.7862396,174.3099976,174.8800049,171.9400024,174.0299988,78751300
4/4/2022,174.8328094,178.4400024,178.4900055,174.4400024,174.5700073,76468400
5/4/2022,171.5210419,175.0599976,178.3000031,174.4199982,177.5,73401800
6/4/2022,168.356369,171.8300018,173.6300049,170.1300049,172.3600006,89058800
7/4/2022,168.6601105,172.1399994,173.3600006,169.8500061,171.1600037,77594700
8/4/2022,166.6515656,170.0899963,171.7799988,169.1999969,171.7799988,76575500
11/4/2022,162.3992615,165.75,169.0299988,165.5,168.7100067,72246700
12/4/2022,164.2706757,167.6600037,169.8699951,166.6399994,168.0200043,79265200
13/4/2022,166.9552765,170.3999939,171.0399933,166.7700043,167.3899994,70618900
14/4/2022,161.9485321,165.2899933,171.2700043,165.0399933,170.6199951,75329400
18/4/2022,161.7330627,165.0700073,166.6000061,163.5700073,163.9199982,69023900
19/4/2022,164.0159149,167.3999939,167.8200073,163.9100037,165.0200043,67723800
20/4/2022,163.84935,167.2299957,168.8800049,166.1000061,168.7599945,67929800
21/4/2022,163.0557556,166.4199982,171.5299988,165.9100037,168.9100037,87227800
22/4/2022,158.5193176,161.7899933,167.8699951,161.5,166.4600067,84882400
25/4/2022,159.5873108,162.8800049,163.1699982,158.4600067,161.1199951,96046400
26/4/2022,153.6302338,156.8000031,162.3399963,156.7200012,162.25,95623200
27/4/2022,153.4048767,156.5700073,159.7899933,155.3800049,155.9100037,88063200
28/4/2022,160.3319397,163.6399994,164.5200043,158.9299927,159.25,130216800
29/4/2022,154.4630432,157.6499939,166.1999969,157.25,161.8399963,131747600
2/5/2022,154.7667847,157.9600067,158.2299957,153.2700043,156.7100067,123055300
3/5/2022,156.256012,159.4799957,160.7100067,156.3200073,158.1499939,88966500
4/5/2022,162.6638031,166.0200043,166.4799957,159.2599945,159.6699982,108256500
5/5/2022,153.6008301,156.7700043,164.0800018,154.9499969,163.8500061,130525300
6/5/2022,154.3269653,157.2799988,159.4400024,154.1799927,156.0099945,116124600
9/5/2022,149.2049255,152.0599976,155.8300018,151.4900055,154.9299927,131577900
10/5/2022,151.6089172,154.5099945,156.7400055,152.9299927,155.5200043,115366700
11/5/2022,143.7493134,146.5,155.4499969,145.8099976,153.5,142689800
12/5/2022,139.8833313,142.5599976,146.1999969,138.8000031,142.7700043,182602000
13/5/2022,144.3478851,147.1100006,148.1000061,143.1100006,144.5899963,113990900
16/5/2022,142.8073578,145.5399933,147.5200043,144.1799927,145.5500031,86643800
17/5/2022,146.4378967,149.2400055,149.7700043,146.6799927,148.8600006,78336300
18/5/2022,138.1759644,140.8200073,147.3600006,139.8999939,146.8500061,109742900
19/5/2022,134.7711334,137.3500061,141.6600037,136.6000061,139.8800049,136095600
20/5/2022,135.0066071,137.5899963,140.6999969,132.6100006,139.0899963,137426100
23/5/2022,140.4229736,143.1100006,143.2599945,137.6499939,137.7899933,117726300
24/5/2022,137.7246246,140.3600006,141.9700012,137.3300018,140.8099976,104132700
25/5/2022,137.8816071,140.5200043,141.7899933,138.3399963,138.4299927,92482700
26/5/2022,141.0803986,143.7799988,144.3399963,137.1399994,137.3899994,90601500
27/5/2022,146.830368,149.6399994,149.6799927,145.2599945,145.3899994,90978500
31/5/2022,146.0453796,148.8399963,150.6600037,146.8399963,149.0700073,103718400
1/6/2022,145.9178467,148.7100067,151.7400055,147.6799927,149.8999939,74286600
2/6/2022,148.3708649,151.2100067,151.2700043,146.8600006,147.8300018,72348100
3/6/2022,142.6503601,145.3800049,147.9700012,144.4600067,146.8999939,88570300
6/6/2022,143.3961029,146.1399994,148.5700073,144.8999939,147.0299988,71598400
7/6/2022,145.9178467,148.7100067,149,144.1000061,144.3500061,67808200
8/6/2022,145.1819,147.9600067,149.8699951,147.4600067,148.5800018,53950200
9/6/2022,139.9618225,142.6399994,147.9499969,142.5299988,147.0800018,69473000
10/6/2022,134.5552673,137.1300049,140.7599945,137.0599976,140.2799988,91437900
13/6/2022,129.4038239,131.8800049,135.1999969,131.4400024,132.8699951,122207100
14/6/2022,130.2672882,132.7599945,133.8899994,131.4799957,133.1300049,84784300
15/6/2022,132.8871765,135.4299927,137.3399963,132.1600037,134.2899933,91533000
16/6/2022,127.6180115,130.0599976,132.3899994,129.0399933,132.0800018,108123900
17/6/2022,129.0898285,131.5599976,133.0800018,129.8099976,130.0700073,134520300
21/6/2022,133.3189087,135.8699951,137.0599976,133.3200073,133.4199982,81000500
22/6/2022,132.8086853,135.3500061,137.7599945,133.9100037,134.7899933,73409200
23/6/2022,135.6738586,138.2700043,138.5899963,135.6300049,136.8200073,72433800
24/6/2022,139.0001831,141.6600037,141.9100037,139.7700043,139.8999939,89116800
27/6/2022,139.0001831,141.6600037,143.4900055,140.9700012,142.6999969,70207900
28/6/2022,134.859436,137.4400024,143.4199982,137.3200073,142.1300049,67083400
29/6/2022,136.6158447,139.2299957,140.6699982,136.6699982,137.4600067,66242400
30/6/2022,134.1529388,136.7200012,138.3699951,133.7700043,137.25,98964500
1/7/2022,136.3214569,138.9299927,139.0399933,135.6600037,136.0399933,71051600
5/7/2022,138.9020691,141.5599976,141.6100006,136.9299927,137.7700043,73353800
6/7/2022,140.236557,142.9199982,144.1199951,141.0800018,141.3500061,74064300
7/7/2022,143.6021423,146.3500061,146.5500031,143.2799988,143.2899933,66253700
8/7/2022,144.2791901,147.0399933,147.5500031,145,145.2599945,64547800
11/7/2022,142.1499329,144.8699951,146.6399994,143.7799988,145.6699982,63141600
12/7/2022,143.1213226,145.8600006,148.4499969,145.0500031,145.7599945,77588800
13/7/2022,142.7583008,145.4900055,146.4499969,142.1199951,142.9900055,71185600
14/7/2022,145.6823425,148.4700012,148.9499969,143.25,144.0800018,78140700
15/7/2022,147.3504181,150.1699982,150.8600006,148.1999969,149.7799988,76259900
18/7/2022,144.3086395,147.0700073,151.5700073,146.6999969,150.7400055,81420900
19/7/2022,148.1648407,151,151.2299957,146.9100037,147.9199982,82982400
20/7/2022,150.1665497,153.0399933,153.7200012,150.3699951,151.1199951,64823400
21/7/2022,152.4331665,155.3500061,155.5700073,151.9400024,154.5,65086600
22/7/2022,151.1968079,154.0899963,156.2799988,153.4100037,155.3899994,66675400
25/7/2022,150.0782471,152.9499969,155.0399933,152.2799988,154.0099945,53623900
26/7/2022,148.7535706,151.6000061,153.0899963,150.8000031,152.2599945,55138700
27/7/2022,153.8461304,156.7899933,157.3300018,152.1600037,152.5800018,78620700
28/7/2022,154.3956146,157.3500061,157.6399994,154.4100037,156.9799957,81378700
29/7/2022,159.4587097,162.5099945,163.6300049,159.5,161.2400055,101786900
1/8/2022,158.477478,161.5099945,163.5899963,160.8899994,161.0099945,67829400
2/8/2022,157.0056458,160.0099945,162.4100037,159.6300049,160.1000061,59907000
3/8/2022,163.0107727,166.1300049,166.5899963,160.75,160.8399963,82507500
4/8/2022,162.6967316,165.8099976,167.1900024,164.4299927,166.0099945,55474100
5/8/2022,162.4707794,165.3500061,165.8500061,163,163.2100067,56697000
8/8/2022,161.999115,164.8699951,167.8099976,164.1999969,166.3699951,60276900
9/8/2022,162.0482788,164.9199982,165.8200073,163.25,164.0200043,63135500
10/8/2022,166.293045,169.2400055,169.3399963,166.8999939,167.6799927,70170500
11/8/2022,165.5560913,168.4900055,170.9900055,168.1900024,170.0599976,57149200
12/8/2022,169.1032104,172.1000061,172.1699982,169.3999939,169.8200073,68039400
15/8/2022,170.1742554,173.1900024,173.3899994,171.3500061,171.5200043,54091700
16/8/2022,170.0170135,173.0299988,173.7100067,171.6600037,172.7799988,56377100
17/8/2022,171.5105591,174.5500031,176.1499939,172.5700073,172.7700043,79542000
18/8/2022,171.1175079,174.1499939,174.8999939,173.1199951,173.75,62290100
19/8/2022,168.5333405,171.5200043,173.7400055,171.3099976,173.0299988,70346300
22/8/2022,164.6521149,167.5700073,169.8600006,167.1399994,169.6900024,69026800
23/8/2022,164.3180237,167.2299957,168.7100067,166.6499939,167.0800018,54147100
24/8/2022,164.6128235,167.5299988,168.1100006,166.25,167.3200073,53841500
25/8/2022,167.0692902,170.0299988,170.1399994,168.3500061,168.7799988,51218200
26/8/2022,160.7708893,163.6199951,171.0500031,163.5599976,170.5700073,78961000
29/8/2022,158.5698853,161.3800049,162.8999939,159.8200073,161.1499939,73314000
30/8/2022,156.1428986,158.9100037,162.5599976,157.7200012,162.1300049,77906200
31/8/2022,154.4823456,157.2200012,160.5800018,157.1399994,160.3099976,87991100
1/9/2022,155.2094727,157.9600067,158.4199982,154.6699982,156.6399994,74229900
2/9/2022,153.0968781,155.8099976,160.3600006,154.9700012,159.75,76957800
6/9/2022,151.8391876,154.5299988,157.0899963,153.6900024,156.4700012,73714800
7/9/2022,153.2443085,155.9600067,156.6699982,153.6100006,154.8200073,87449600
8/9/2022,151.7703705,154.4600067,156.3600006,152.6799927,154.6399994,84923800
9/9/2022,154.629715,157.3699951,157.8200073,154.75,155.4700012,68028800
12/9/2022,160.5842285,163.4299927,164.2599945,159.3000031,159.5899963,104956000
13/9/2022,151.1611938,153.8399963,160.5399933,153.3699951,159.8999939,122656600
14/9/2022,152.6055908,155.3099976,157.1000061,153.6100006,154.7899933,87965400
15/9/2022,149.7167664,152.3699951,155.2400055,151.3800049,154.6499939,90481100
16/9/2022,148.075882,150.6999969,151.3500061,148.3699951,151.2100067,162278800
19/9/2022,151.7900543,154.4799957,154.5599976,149.1000061,149.3099976,81474200
20/9/2022,154.1678925,156.8999939,158.0800018,153.0800018,153.3999939,107689800
21/9/2022,151.0432892,153.7200012,158.7400055,153.6000061,157.3399963,101696800
22/9/2022,150.0803528,152.7400055,154.4700012,150.9100037,152.3800049,86652500
23/9/2022,147.8105469,150.4299927,151.4700012,148.5599976,151.1900024,96029900
26/9/2022,148.1446686,150.7700043,153.7700043,149.6399994,149.6600037,93339400
27/9/2022,149.1174011,151.7599945,154.7200012,149.9499969,152.7400055,84442700
28/9/2022,147.2308655,149.8399963,150.6399994,144.8399963,147.6399994,146691400
29/9/2022,139.9989929,142.4799957,146.7200012,140.6799927,146.1000061,128138200
30/9/2022,135.7935181,138.1999969,143.1000061,138,141.2799988,124925300
3/10/2022,139.9695282,142.4499969,143.0700073,137.6900024,138.2100067,114311700
4/10/2022,143.555954,146.1000061,146.2200012,144.2599945,145.0299988,87830100
5/10/2022,143.8507385,146.3999939,147.3800049,143.0099945,144.0700073,79471000
6/10/2022,142.897644,145.4299927,147.5399933,145.2200012,145.8099976,68402200
7/10/2022,137.6506348,140.0899963,143.1000061,139.4499969,142.5399933,85925600
10/10/2022,137.9748535,140.4199982,141.8899994,138.5700073,140.4199982,74899000
11/10/2022,136.559967,138.9799957,141.3500061,138.2200012,139.8999939,77033700
12/10/2022,135.9311066,138.3399963,140.3600006,138.1600037,139.1300049,70433700
13/10/2022,140.5001221,142.9900055,143.5899963,134.3699951,134.9900055,113224000
14/10/2022,135.9703979,138.3800049,144.5200043,138.1900024,144.3099976,88598000
17/10/2022,139.9302673,142.4100037,142.8999939,140.2700043,141.0700073,85250900
18/10/2022,141.2469025,143.75,146.6999969,140.6100006,145.4900055,99136600
19/10/2022,141.3549652,143.8600006,144.9499969,141.5,141.6900024,61758300
20/10/2022,140.8931274,143.3899994,145.8899994,142.6499939,143.0200043,64522000
21/10/2022,144.7055969,147.2700043,147.8500061,142.6499939,142.8699951,86548600
24/10/2022,146.847641,149.4499969,150.2299957,146,147.1900024,75981900
25/10/2022,149.6873016,152.3399963,152.4900055,149.3600006,150.0899963,74732300
26/10/2022,146.7493744,149.3500061,151.9900055,148.0399933,150.9600067,88194300
27/10/2022,142.2786102,144.8000031,149.0500031,144.1300049,148.0700073,109180200
28/10/2022,153.0281219,155.7400055,157.5,147.8200073,148.1999969,164762400
31/10/2022,150.6699066,153.3399963,154.2400055,151.9199982,153.1600037,97943200
1/11/2022,148.0267334,150.6499939,155.4499969,149.1300049,155.0800018,80379300
2/11/2022,142.5045929,145.0299988,152.1699982,145,148.9499969,93604600
3/11/2022,136.4617157,138.8800049,142.8000031,138.75,142.0599976,97918500
4/11/2022,136.1959839,138.3800049,142.6699982,134.3800049,142.0899963,140814800
7/11/2022,136.727417,138.9199982,139.1499939,135.6699982,137.1100006,83374600
8/11/2022,137.2982635,139.5,141.4299927,137.4900055,140.4100037,89908500
9/11/2022,132.7413483,134.8699951,138.5500031,134.5899963,138.5,74917800
10/11/2022,144.5519409,146.8699951,146.8699951,139.5,141.2400055,118854000
11/11/2022,147.3372955,149.6999969,150.0099945,144.3699951,145.8200073,93979700
14/11/2022,145.9396667,148.2799988,150.2799988,147.4299927,148.9700012,73374100
15/11/2022,147.6719208,150.0399933,153.5899963,148.5599976,152.2200012,89868300
16/11/2022,146.4416809,148.7899933,149.8699951,147.2899933,149.1300049,64218300
17/11/2022,148.3411865,150.7200012,151.4799957,146.1499939,146.4299927,80389400
18/11/2022,148.9021759,151.2899933,152.6999969,149.9700012,152.3099976,74829600
21/11/2022,145.6739655,148.0099945,150.3699951,147.7200012,150.1600037,58724100
22/11/2022,147.8096924,150.1799927,150.4199982,146.9299927,148.1300049,51804100
23/11/2022,148.6856689,151.0700073,151.8300018,149.3399963,149.4499969,58301400
25/11/2022,145.7723999,148.1100006,148.8800049,147.1199951,148.3099976,35195900
28/11/2022,141.9437714,144.2200012,146.6399994,143.3800049,145.1399994,69246000
29/11/2022,138.9419098,141.1699982,144.8099976,140.3500061,144.2899933,83763800
30/11/2022,145.6936188,148.0299988,148.7200012,140.5500031,141.3999939,111380900
1/12/2022,145.9692383,148.3099976,149.1300049,146.6100006,148.2100067,71250400
2/12/2022,145.4771271,147.8099976,148,145.6499939,145.9600067,65447400
5/12/2022,144.3157654,146.6300049,150.9199982,145.7700043,147.7700043,68826400
6/12/2022,140.6544342,142.9100037,147.3000031,141.9199982,147.0700073,64727200
7/12/2022,138.7155609,140.9400024,143.3699951,140,142.1900024,69721100
8/12/2022,140.3985596,142.6499939,143.5200043,141.1000061,142.3600006,62128300
9/12/2022,139.9163055,142.1600037,145.5700073,140.8999939,142.3399963,76097000
12/12/2022,142.2095184,144.4900055,144.5,141.0599976,142.6999969,70462700
13/12/2022,143.1740265,145.4700012,149.9700012,144.2400055,149.5,93886200
14/12/2022,140.9497223,143.2100067,146.6600037,141.1600037,145.3500061,82291200
15/12/2022,134.3456268,136.5,141.8000031,136.0299988,141.1100006,98931900
16/12/2022,132.3870239,134.5099945,137.6499939,133.7299957,136.6900024,160156900
19/12/2022,130.280777,132.3699951,135.1999969,131.3200073,135.1100006,79592600
20/12/2022,130.2119141,132.3000031,133.25,129.8899994,131.3899994,77432800
21/12/2022,133.3122101,135.4499969,136.8099976,132.75,132.9799957,85928000
22/12/2022,130.1430359,132.2299957,134.5599976,130.3000031,134.3500061,77852100
23/12/2022,129.7788239,131.8600006,132.4199982,129.6399994,130.9199982,63814900
27/12/2022,127.9777679,130.0299988,131.4100037,128.7200012,131.3800049,69007800
28/12/2022,124.0507202,126.0400009,131.0299988,125.8700027,129.6699982,85438400
29/12/2022,127.5643616,129.6100006,130.4799957,127.7300034,127.9899979,75703700
30/12/2022,127.8793335,129.9299927,129.9499969,127.4300003,128.4100037,77034200
3/1/2023,123.0960236,125.0699997,130.8999939,124.1699982,130.2799988,112117500
4/1/2023,124.3656616,126.3600006,128.6600037,125.0800018,126.8899994,89113600
5/1/2023,123.046814,125.0199966,127.7699966,124.7600021,127.1299973,80962700
6/1/2023,127.5742035,129.6199951,130.2899933,124.8899994,126.0100021,87754700
9/1/2023,128.0958405,130.1499939,133.4100037,129.8899994,130.4700012,70790800
10/1/2023,128.666687,130.7299957,131.2599945,128.1199951,130.2599945,63896200
11/1/2023,131.3831329,133.4900055,133.5099945,130.4600067,131.25,69458900
12/1/2023,131.3043976,133.4100037,134.2599945,131.4400024,133.8800049,71379600
13/1/2023,132.6330566,134.7599945,134.9199982,131.6600037,132.0299988,57809700
17/1/2023,133.7944641,135.9400024,137.2899933,134.1300049,134.8300018,63646600
18/1/2023,133.0759888,135.2100067,138.6100006,135.0299988,136.8200073,69672800
19/1/2023,133.1350555,135.2700043,136.25,133.7700043,134.0800018,58280400
20/1/2023,135.6940155,137.8699951,138.0200043,134.2200012,135.2799988,80223600
23/1/2023,138.882843,141.1100006,143.3200073,137.8999939,138.1199951,81760300
24/1/2023,140.2804565,142.5299988,143.1600037,140.3000031,140.3099976,66435100
25/1/2023,139.6210175,141.8600006,142.4299927,138.8099976,140.8899994,65799300
26/1/2023,141.6878815,143.9600067,144.25,141.8999939,143.1699982,54105100
27/1/2023,143.6267853,145.9299927,147.2299957,143.0800018,143.1600037,70555800
30/1/2023,140.743042,143,145.5500031,142.8500061,144.9600067,64015300
31/1/2023,142.0126801,144.2899933,144.3399963,142.2799988,142.6999969,65874500
1/2/2023,143.1346741,145.4299927,146.6100006,141.3200073,143.9700012,77663600
2/2/2023,148.4396362,150.8200073,151.1799927,148.1699982,148.8999939,118339000
3/2/2023,152.0615234,154.5,157.3800049,147.8300018,148.0299988,154357300
6/2/2023,149.3352661,151.7299957,153.1000061,150.7799988,152.5700073,69858300
7/2/2023,152.2091522,154.6499939,155.2299957,150.6399994,150.6399994,83322600
8/2/2023,149.5222778,151.9199982,154.5800018,151.1699982,153.8800049,64120100
9/2/2023,148.4888153,150.8699951,154.3300018,150.4199982,153.7799988,56007100
10/2/2023,148.8535461,151.0099945,151.3399963,149.2200012,149.4600067,57450700
13/2/2023,151.6529999,153.8500061,154.2599945,150.9199982,150.9499969,62199000
14/2/2023,151.0122833,153.1999969,153.7700043,150.8600006,152.1199951,61707600
15/2/2023,153.1118317,155.3300018,155.5,152.8800049,153.1100006,65573800
16/2/2023,151.5149994,153.7100067,156.3300018,153.3500061,153.5099945,68167900
17/2/2023,150.3715363,152.5500031,153,150.8500061,152.3500061,59144100
21/2/2023,146.3596802,148.4799957,151.3000031,148.4100037,150.1999969,58867200
22/2/2023,146.7835388,148.9100037,149.9499969,147.1600037,148.8699951,51011300
23/2/2023,147.26651,149.3999939,150.3399963,147.2400055,150.0899963,48394200
24/2/2023,144.6149445,146.7100067,147.1900024,145.7200012,147.1100006,55469600
27/2/2023,145.8076782,147.9199982,149.1699982,147.4499969,147.7100067,44998500
28/2/2023,145.3049316,147.4100037,149.0800018,146.8300018,147.0500031,50547000
1/3/2023,143.2349548,145.3099976,147.2299957,145.0099945,146.8300018,55479000
2/3/2023,143.8263855,145.9100037,146.7100067,143.8999939,144.3800049,52238100
3/3/2023,148.8732605,151.0299988,151.1100006,147.3300018,148.0399933,70732300
6/3/2023,151.6332703,153.8300018,156.3000031,153.4600067,153.7899933,87558000
7/3/2023,149.4351196,151.6000061,154.0299988,151.1300049,153.6999969,56182000
8/3/2023,150.6869965,152.8699951,153.4700012,151.8300018,152.8099976,47204800
9/3/2023,148.4395447,150.5899963,154.5399933,150.2299957,153.5599976,53833600
10/3/2023,146.3793793,148.5,150.9400024,147.6100006,150.2100067,68572400
13/3/2023,148.3212585,150.4700012,153.1399994,147.6999969,147.8099976,84457100
14/3/2023,150.4109955,152.5899963,153.3999939,150.1000061,151.2799988,73695900
15/3/2023,150.8052673,152.9900055,153.25,149.9199982,151.1900024,77167900
16/3/2023,153.6244049,155.8500061,156.4600067,151.6399994,152.1600037,76161100
17/3/2023,152.7865601,155,156.7400055,154.2799988,156.0800018,98944600
20/3/2023,155.1523132,157.3999939,157.8200073,154.1499939,155.0700073,73641400
21/3/2023,157.0054321,159.2799988,159.3999939,156.5399933,157.3200073,73938300
22/3/2023,155.5761566,157.8300018,162.1399994,157.8099976,159.3000031,75701800
23/3/2023,156.6604309,158.9299927,161.5500031,157.6799927,158.8300018,67622100
24/3/2023,157.9616089,160.25,160.3399963,157.8500061,158.8600006,59196500
27/3/2023,156.0197144,158.2799988,160.7700043,157.8699951,159.9400024,52390300
28/3/2023,155.3987274,157.6499939,158.4900055,155.9799957,157.9700012,45992200
29/3/2023,158.4741821,160.7700043,161.0500031,159.3500061,159.3699951,51305700
30/3/2023,160.0414581,162.3600006,162.4700012,161.2700043,161.5299988,49501700
31/3/2023,162.5451813,164.8999939,165,161.9100037,162.4400024,68749800
3/4/2023,163.7970734,166.1699982,166.2899933,164.2200012,164.2700043,56976200
4/4/2023,163.2647705,165.6300049,166.8399963,165.1100006,166.6000061,46278300
5/4/2023,161.421463,163.7599945,165.0500031,161.8000031,164.7400055,51511700
6/4/2023,162.3085938,164.6600037,164.9600067,162,162.4299927,45390100
10/4/2023,159.7162018,162.0299988,162.0299988,160.0800018,161.4199982,47716900
11/4/2023,158.5037537,160.8000031,162.3600006,160.5099945,162.3500061,47644200
12/4/2023,157.813736,160.1000061,162.0599976,159.7799988,161.2200012,50133100
13/4/2023,163.1957703,165.5599976,165.8000031,161.4199982,161.6300049,68445600
14/4/2023,162.8507538,165.2100067,166.3200073,163.8200073,164.5899963,49386500
17/4/2023,162.8704681,165.2299957,165.3899994,164.0299988,165.0899963,41516200
18/4/2023,164.0927582,166.4700012,167.4100037,165.6499939,166.1000061,49923000
19/4/2023,165.2362213,167.6300049,168.1600037,165.5399933,165.8000031,47720200
20/4/2023,164.2701874,166.6499939,167.8699951,165.5599976,166.0899963,52456400
21/4/2023,162.6634827,165.0200043,166.4499969,164.4900055,165.0500031,58337300
24/4/2023,162.9690704,165.3300018,165.6000061,163.8899994,165,41949600
25/4/2023,161.4313049,163.7700043,166.3099976,163.7299957,165.1900024,48714100
26/4/2023,161.421463,163.7599945,165.2799988,162.8000031,163.0599976,45498800
27/4/2023,166.0050812,168.4100037,168.5599976,165.1900024,165.1900024,64902300
28/4/2023,167.2569275,169.6799927,169.8500061,167.8800049,168.4900055,55275900
1/5/2023,167.1681976,169.5899963,170.4499969,168.6399994,169.2799988,52472900
2/5/2023,166.133194,168.5399933,170.3500061,167.5399933,170.0899963,48425700
3/5/2023,165.0587921,167.4499969,170.9199982,167.1600037,169.5,65136000
4/5/2023,163.4224701,165.7899933,167.0399933,164.3099976,164.8899994,81235400
5/5/2023,171.0913696,173.5700073,174.3000031,170.7599945,170.9799957,113453200
8/5/2023,171.0223541,173.5,173.8500061,172.1100006,172.4799957,55962800
9/5/2023,169.3170776,171.7700043,173.5399933,171.6000061,173.0500031,45326900
10/5/2023,171.081543,173.5599976,174.0299988,171.8999939,173.0200043,53724500
11/5/2023,171.2687836,173.75,174.5899963,172.1699982,173.8500061,49514700
12/5/2023,170.3409271,172.5700073,174.0599976,171,173.6199951,45533100
15/5/2023,169.8473969,172.0700073,173.2100067,171.4700012,173.1600037,37266700
16/5/2023,169.8473969,172.0700073,173.1399994,171.8000031,171.9900055,42110300
17/5/2023,170.4593964,172.6900024,172.9299927,170.4199982,171.7100067,57951600
18/5/2023,172.7889252,175.0500031,175.2400055,172.5800018,173,65496700
19/5/2023,172.897522,175.1600037,176.3899994,174.9400024,176.3899994,55809500
22/5/2023,171.9498901,174.1999969,174.7100067,173.4499969,173.9799957,43570900
23/5/2023,169.3439941,171.5599976,173.3800049,171.2799988,173.1300049,50747300
24/5/2023,169.6203918,171.8399963,172.4199982,170.5200043,171.0899963,45143500
25/5/2023,170.7555389,172.9900055,173.8999939,171.6900024,172.4100037,56058300
26/5/2023,173.1640015,175.4299927,175.7700043,173.1100006,173.3200073,54835000
30/5/2023,175.0098419,177.3000031,178.9900055,176.5700073,176.9600067,55964400
31/5/2023,174.9605255,177.25,179.3500061,176.7599945,177.3300018,99625300
1/6/2023,177.7638245,180.0899963,180.1199951,176.9299927,177.6999969,68901800
2/6/2023,178.6127014,180.9499969,181.7799988,179.2599945,181.0299988,61996900
5/6/2023,177.260376,179.5800018,184.9499969,178.0399933,182.6300049,121946500
6/6/2023,176.8951874,179.2100067,180.1199951,177.4299927,179.9700012,64848400
7/6/2023,175.5231323,177.8200073,181.2100067,177.3200073,178.4400024,61944600
8/6/2023,178.2376251,180.5700073,180.8399963,177.4600067,177.8999939,50214900
9/6/2023,178.6225891,180.9600067,182.2299957,180.6300049,181.5,48900000
12/6/2023,181.4160004,183.7899933,183.8899994,180.9700012,181.2700043,54274900
13/6/2023,180.942215,183.3099976,184.1499939,182.4400024,182.8000031,54929100
14/6/2023,181.5739594,183.9499969,184.3899994,182.0200043,183.3699951,57462900
15/6/2023,183.6073608,186.0099945,186.5200043,183.7799988,183.9600067,65433200
16/6/2023,182.5314331,184.9199982,186.9900055,184.2700043,186.7299957,101256200
20/6/2023,182.6202698,185.0099945,186.1000061,184.4100037,184.4100037,49799100
21/6/2023,181.5838318,183.9600067,185.4100037,182.5899963,184.8999939,49515700
22/6/2023,184.584549,187,187.0500031,183.6699982,183.7400055,51245300
23/6/2023,184.2686462,186.6799927,187.5599976,185.0099945,185.5500031,53117000
26/6/2023,182.8769073,185.2700043,188.0500031,185.2299957,186.8300018,48088700
27/6/2023,185.6308594,188.0599976,188.3899994,185.6699982,185.8899994,50730800
28/6/2023,186.8054962,189.25,189.8999939,187.6000061,187.9299927,51216800
29/6/2023,187.1411133,189.5899963,190.0700073,188.9400024,189.0800018,46347300
30/6/2023,191.4645386,193.9700012,194.4799957,191.2599945,191.6300049,85213200
3/7/2023,189.9740753,192.4600067,193.8800049,191.7599945,193.7799988,31458200
5/7/2023,188.8586273,191.3300018,192.9799957,190.6199951,191.5700073,46920300
6/7/2023,189.332428,191.8099976,192.0200043,189.1999969,189.8399963,45094300
7/7/2023,188.2170258,190.6799927,192.6699982,190.2400055,191.4100037,46815000
10/7/2023,186.1737671,188.6100006,189.9900055,187.0399933,189.2599945,59922200
11/7/2023,185.6506195,188.0800018,189.3000031,186.6000061,189.1600037,46638100
12/7/2023,187.3187866,189.7700043,191.6999969,188.4700012,189.6799927,60750200
13/7/2023,188.0788269,190.5399933,191.1900024,189.7799988,190.5,41342300
14/7/2023,188.2268982,190.6900024,191.1799927,189.6300049,190.2299957,41616200
17/7/2023,191.4842529,193.9900055,194.3200073,191.8099976,191.8999939,50520200
18/7/2023,191.2276306,193.7299957,194.3300018,192.4199982,193.3500061,48288200
19/7/2023,192.5799713,195.1000061,198.2299957,192.6499939,193.1000061,80507300
20/7/2023,190.635376,193.1300049,196.4700012,192.5,195.0899963,59581200
21/7/2023,189.4607544,191.9400024,194.9700012,191.2299957,194.1000061,71951700
24/7/2023,190.2602997,192.75,194.9100037,192.25,193.4100037,45377800
25/7/2023,191.1190338,193.6199951,194.4400024,192.9199982,193.3300018,37283200
26/7/2023,191.9877014,194.5,195.6399994,193.3200073,193.6699982,47471900
27/7/2023,190.7242126,193.2200012,197.1999969,192.5500031,196.0200043,47460200
28/7/2023,193.3005219,195.8300018,196.6300049,194.1399994,194.6699982,48291400
31/7/2023,193.9124756,196.4499969,196.4900055,195.2599945,196.0599976,38824100
1/8/2023,193.0833435,195.6100006,196.7299957,195.2799988,196.2400055,35175100
2/8/2023,190.0924835,192.5800018,195.1799927,191.8500061,195.0399933,50389300
3/8/2023,188.7006836,191.1699982,192.3699951,190.6900024,191.5700073,61235200
4/8/2023,179.6392975,181.9900055,187.3800049,181.9199982,185.5200043,115956800
7/8/2023,176.5398102,178.8500061,183.1300049,177.3500061,182.1300049,97576100
8/8/2023,177.4775696,179.8000031,180.2700043,177.5800018,179.6900024,67823000
9/8/2023,175.8883209,178.1900024,180.9299927,177.0099945,180.8699951,60378500
10/8/2023,175.6711884,177.9700012,180.75,177.6000061,179.4799957,54686900
11/8/2023,175.730484,177.7899933,178.6199951,176.5500031,177.3200073,52036700
14/8/2023,177.3811798,179.4600067,179.6900024,177.3099976,177.9700012,43675600
15/8/2023,175.394455,177.4499969,179.4799957,177.0500031,178.8800049,43622600
16/8/2023,174.5246582,176.5700073,178.5399933,176.5,177.1300049,46964900
17/8/2023,171.9844055,174,177.5099945,173.4799957,177.1399994,66062900
18/8/2023,172.4687347,174.4900055,175.1000061,171.9600067,172.3000031,61172200
21/8/2023,173.8031006,175.8399963,176.1300049,173.7400055,175.0700073,46311900
22/8/2023,175.1769714,177.2299957,177.6799927,176.25,177.0599976,42038900
23/8/2023,179.0219421,181.1199951,181.5500031,178.3300018,178.5200043,52722800
24/8/2023,174.3368378,176.3800049,181.1000061,176.0099945,180.6699982,54945800
25/8/2023,176.5409851,178.6100006,179.1499939,175.8200073,177.3800049,51449600
28/8/2023,178.1027069,180.1900024,180.5899963,178.5500031,180.0899963,43820700
29/8/2023,181.9871674,184.1199951,184.8999939,179.5,179.6999969,53003900
30/8/2023,185.4762878,187.6499939,187.8500061,184.7400055,184.9400024,60813900
31/8/2023,185.6937408,187.8699951,189.1199951,187.4799957,187.8399963,60794500
1/9/2023,187.2653198,189.4600067,189.9199982,188.2799988,189.4900055,45766500
5/9/2023,187.502533,189.6999969,189.9799957,187.6100006,188.2799988,45280000
6/9/2023,180.7911987,182.9100037,188.8500061,181.4700012,188.3999939,81755800
7/9/2023,175.5031586,177.5599976,178.2100067,173.5399933,175.1799927,112488800
8/9/2023,176.1159668,178.1799927,180.2400055,177.7899933,178.3500061,65551300
11/9/2023,177.2823029,179.3600006,180.3000031,177.3399963,180.0700073,58953100
12/9/2023,174.257782,176.3000031,180.1300049,174.8200073,179.4900055,90370200
13/9/2023,172.1919708,174.2100067,177.3000031,173.9799957,176.5099945,84267900
14/9/2023,173.7042542,175.7400055,176.1000061,173.5800018,174,60895800
15/9/2023,172.9826965,175.0099945,176.5,173.8200073,176.4799957,109259500
18/9/2023,175.9084167,177.9700012,179.3800049,176.1699982,176.4799957,67257600
19/9/2023,176.9956818,179.0700073,179.6300049,177.1300049,177.5200043,51826900
20/9/2023,173.4571381,175.4900055,179.6999969,175.3999939,179.2599945,58436200
21/9/2023,171.9151917,173.9299927,176.3000031,173.8600006,174.5500031,63149100
22/9/2023,172.7652588,174.7899933,177.0800018,174.0500031,174.6699982,56725400
25/9/2023,174.0403137,176.0800018,176.9700012,174.1499939,174.1999969,46172700
26/9/2023,169.9680481,171.9600067,175.1999969,171.6600037,174.8200073,64588900
27/9/2023,168.4557648,170.4299927,173.0399933,169.0500031,172.6199951,66921800
28/9/2023,168.712738,170.6900024,172.0299988,167.6199951,169.3399963,56294400
29/9/2023,169.2267303,171.2100067,173.0700073,170.3399963,172.0200043,51861100
2/10/2023,171.7372894,173.75,174.3000031,170.9299927,171.2200012,52164500
3/10/2023,170.4029388,172.3999939,173.6300049,170.8200073,172.2599945,49594600
4/10/2023,171.6483459,173.6600037,174.2100067,170.9700012,171.0899963,53020300
5/10/2023,172.8838806,174.9100037,175.4499969,172.6799927,173.7899933,48527900
6/10/2023,175.4339905,177.4900055,177.9900055,173.1799927,173.8000031,57266700
9/10/2023,176.916626,178.9900055,179.0500031,175.8000031,176.8099976,42390800
10/10/2023,176.3235626,178.3899994,179.7200012,177.9499969,178.1000061,43698000
11/10/2023,177.7172394,179.8000031,179.8500061,177.6000061,178.1999969,47551100
12/10/2023,178.6166992,180.7100067,182.3399963,179.0399933,180.0700073,56743100
13/10/2023,176.7782135,178.8500061,181.9299927,178.1399994,181.4199982,51427100
16/10/2023,176.6497345,178.7200012,179.0800018,176.5099945,176.75,52517000
17/10/2023,175.0979004,177.1499939,178.4199982,174.8000031,176.6499939,57549400
18/10/2023,173.8031006,175.8399963,177.5800018,175.1100006,175.5800018,54764400
19/10/2023,173.4275055,175.4600067,177.8399963,175.1900024,176.0399933,59302900
20/10/2023,170.8773956,172.8800049,175.4199982,172.6399994,175.3099976,64244000
23/10/2023,170.9959869,173,174.0099945,169.9299927,170.9100037,55980100
24/10/2023,171.4308777,173.4400024,173.6699982,171.4499969,173.0500031,43816600
25/10/2023,169.1179962,171.1000061,173.0599976,170.6499939,171.8800049,57157000
26/10/2023,164.9567719,166.8899994,171.3800049,165.6699982,170.3699951,70625300
27/10/2023,166.2713623,168.2200012,168.9600067,166.8300018,166.9100037,58499100
30/10/2023,168.3173828,170.2899933,171.1699982,168.8699951,169.0200043,51131000
31/10/2023,168.7918243,170.7700043,170.8999939,167.8999939,169.3500061,44846000
1/11/2023,171.9547424,173.9700012,174.2299957,170.1199951,171,56934900
2/11/2023,175.5130615,177.5700073,177.7799988,175.4600067,175.5200043,77334800
3/11/2023,174.6036987,176.6499939,176.8200073,173.3500061,174.2400055,79829200
6/11/2023,177.1538239,179.2299957,179.4299927,176.2100067,176.3800049,63841300
7/11/2023,179.7138214,181.8200073,182.4400024,178.9700012,179.1799927,70530000
8/11/2023,180.7714081,182.8899994,183.4499969,181.5899963,182.3500061,49340300
9/11/2023,180.2969818,182.4100037,184.1199951,181.8099976,182.9600067,53763500
10/11/2023,184.4834747,186.3999939,186.5700073,183.5299988,183.9700012,66133400
13/11/2023,182.8999634,184.8000031,186.0299988,184.2100067,185.8200073,43627500
14/11/2023,185.5128174,187.4400024,188.1100006,186.3000031,187.6999969,60108400
15/11/2023,186.0769348,188.0099945,189.5,187.7799988,187.8500061,53790500
16/11/2023,187.7594604,189.7100067,190.9600067,188.6499939,189.5700073,54412900
17/11/2023,187.7396545,189.6900024,190.3800049,188.5700073,190.25,50922700
20/11/2023,189.4815826,191.4499969,191.9100037,189.8800049,189.8899994,46505100
21/11/2023,188.6799011,190.6399994,191.5200043,189.7400055,191.4100037,38134500
22/11/2023,189.3429871,191.3099976,192.9299927,190.8300018,191.4900055,39617700
24/11/2023,188.0167847,189.9700012,190.8999939,189.25,190.8699951,24048300
27/11/2023,187.8386536,189.7899933,190.6699982,188.8999939,189.9199982,40552600
28/11/2023,188.4423523,190.3999939,191.0800018,189.3999939,189.7799988,38415400
29/11/2023,187.4229584,189.3699951,192.0899963,188.9700012,190.8999939,43014200
30/11/2023,187.996994,189.9499969,190.3200073,188.1900024,189.8399963,48794400
1/12/2023,189.2737274,191.2400055,191.5599976,189.2299957,190.3300018,45704800
4/12/2023,187.4823151,189.4299927,190.0500031,187.4499969,189.9799957,43389500
5/12/2023,191.4313202,193.4199982,194.3999939,190.1799927,190.2100067,66628400
6/12/2023,190.3426361,192.3200073,194.7599945,192.1100006,194.4499969,41089700
7/12/2023,192.2725677,194.2700043,195,193.5899963,193.6300049,47477700
8/12/2023,193.6977692,195.7100067,195.9900055,193.6699982,194.1999969,53406400
11/12/2023,191.1937866,193.1799927,193.4900055,191.4199982,193.1100006,60943700
12/12/2023,192.7080383,194.7100067,194.7200012,191.7200012,193.0800018,52696900
13/12/2023,195.9246368,197.9600067,198,194.8500061,195.0899963,70404200
14/12/2023,196.0730896,198.1100006,199.6199951,196.1600037,198.0200043,66831600
15/12/2023,195.5386963,197.5700073,198.3999939,197,197.5299988,128538400
18/12/2023,193.8759155,195.8899994,196.6300049,194.3899994,196.0899963,55751900
19/12/2023,194.9151154,196.9400024,196.9499969,195.8899994,196.1600037,40714100
20/12/2023,192.826828,194.8300018,197.6799927,194.8300018,196.8999939,52242800
21/12/2023,192.67836,194.6799927,197.0800018,193.5,196.1000061,46482500
22/12/2023,191.6094818,193.6000061,195.4100037,192.9700012,195.1799927,37149600
26/12/2023,191.0651093,193.0500031,193.8899994,192.8300018,193.6100006,28919300
27/12/2023,191.1640778,193.1499939,193.5,191.0899963,192.4900055,48087700
28/12/2023,191.5896759,193.5800018,194.6600037,193.1699982,194.1399994,34049900
29/12/2023,190.5504608,192.5299988,194.3999939,191.7299957,193.8999939,42672100
